{
  "project_info": {
    "project_number": "260877442007",
    "project_id": "telalogin-54527",
    "storage_bucket": "telalogin-54527.appspot.com"
  },
  "client": [
    {
      "client_info": {
        "mobilesdk_app_id": "1:260877442007:android:a6a19d07d34caee982c992",
        "android_client_info": {
          "package_name": "com.example.telalogin"
        }
      },
      "oauth_client": [],
      "api_key": [
        {
          "current_key": "AIzaSyA67iH6VhqXgzTFbszuz73woRExSM_hemY"
        }
      ],
      "services": {
        "appinvite_service": {
          "other_platform_oauth_client": []
        }
      }
    }
  ],
  "configuration_version": "1"
}